Order_ID,Order_Date,Customer_ID,Platform,State,City
ORD00001,2025-02-24,CUST0065,Shopsy,Kerala,Thiruvananthapuram
ORD00002,2026-04-16,CUST0021,Flipkart,Gujarat,Surat
ORD00003,2026-02-02,CUST0039,Amazon,Kerala,Thiruvananthapuram
ORD00004,2025-09-24,CUST0087,Amazon,Delhi,New Delhi
ORD00005,2025-09-21,CUST0414,Meesho,Karnataka,Mysuru
ORD00006,2026-06-07,CUST0301,Amazon,Maharashtra,Mumbai
ORD00007,2025-02-22,CUST0387,Amazon,Delhi,New Delhi
ORD00008,2026-02-28,CUST0338,Amazon,Uttar Pradesh,Noida
ORD00009,2025-05-03,CUST0082,Amazon,Delhi,New Delhi
ORD00010,2025-02-27,CUST0278,Meesho,Uttar Pradesh,Kanpur
ORD00011,2025-11-17,CUST0418,Amazon,Kerala,Kochi
ORD00012,2026-08-17,CUST0091,Shopsy,Maharashtra,Mumbai
ORD00013,2026-03-24,CUST0247,Amazon,Gujarat,Surat
ORD00014,2026-04-08,CUST0319,Meesho,Kerala,Thiruvananthapuram
ORD00015,2026-03-13,CUST0030,Flipkart,Rajasthan,Udaipur
ORD00016,2026-04-23,CUST0345,Meesho,Telangana,Hyderabad
ORD00017,2025-11-09,CUST0424,Flipkart,Telangana,Hyderabad
ORD00018,2025-03-19,CUST0316,Amazon,Uttar Pradesh,Noida
ORD00019,2026-05-26,CUST0013,Shopsy,Maharashtra,Mumbai
ORD00020,2025-10-01,CUST0086,Amazon,Gujarat,Ahmedabad
ORD00021,2025-11-01,CUST0493,Flipkart,West Bengal,Kolkata
ORD00022,2025-08-14,CUST0392,Shopsy,Uttar Pradesh,Noida
ORD00023,2025-04-21,CUST0221,Flipkart,Rajasthan,Udaipur
ORD00024,2026-07-18,CUST0375,Flipkart,Rajasthan,Udaipur
ORD00025,2026-04-21,CUST0389,Flipkart,Karnataka,Mysuru
ORD00026,2026-01-27,CUST0043,Flipkart,Rajasthan,Udaipur
ORD00027,2025-09-02,CUST0477,Flipkart,Tamil Nadu,Chennai
ORD00028,2026-05-16,CUST0329,Meesho,Uttar Pradesh,Kanpur
ORD00029,2025-11-28,CUST0025,Amazon,Kerala,Kochi
ORD00030,2025-09-27,CUST0003,Flipkart,Kerala,Kochi
ORD00031,2025-10-01,CUST0201,Shopsy,Karnataka,Mangaluru
ORD00032,2025-05-19,CUST0452,Meesho,Gujarat,Ahmedabad
ORD00033,2025-02-26,CUST0199,Amazon,Delhi,New Delhi
ORD00034,2025-12-04,CUST0171,Meesho,West Bengal,Kolkata
ORD00035,2026-06-24,CUST0149,Flipkart,Uttar Pradesh,Noida
ORD00036,2025-02-08,CUST0031,Flipkart,Kerala,Thiruvananthapuram
ORD00037,2026-06-06,CUST0052,Amazon,Tamil Nadu,Coimbatore
ORD00038,2026-05-19,CUST0151,Amazon,Telangana,Hyderabad
ORD00039,2025-06-18,CUST0444,Flipkart,Kerala,Kochi
ORD00040,2026-01-20,CUST0446,Amazon,Telangana,Hyderabad
ORD00041,2025-04-11,CUST0150,Amazon,Karnataka,Bengaluru
ORD00042,2026-04-06,CUST0031,Amazon,Telangana,Warangal
ORD00043,2026-03-02,CUST0475,Flipkart,Delhi,New Delhi
ORD00044,2025-08-04,CUST0093,Flipkart,Delhi,New Delhi
ORD00045,2025-02-11,CUST0390,Shopsy,West Bengal,Kolkata
ORD00046,2026-08-14,CUST0052,Amazon,Uttar Pradesh,Kanpur
ORD00047,2025-09-28,CUST0228,Flipkart,Karnataka,Mangaluru
ORD00048,2026-06-28,CUST0193,Amazon,West Bengal,Kolkata
ORD00049,2026-02-17,CUST0145,Amazon,Delhi,New Delhi
ORD00050,2026-04-19,CUST0138,Flipkart,Maharashtra,Mumbai
ORD00051,2026-04-08,CUST0216,Meesho,Delhi,New Delhi
ORD00052,2025-04-29,CUST0162,Amazon,Tamil Nadu,Chennai
ORD00053,2025-08-10,CUST0025,Flipkart,Uttar Pradesh,Noida
ORD00054,2025-10-11,CUST0005,Amazon,Uttar Pradesh,Lucknow
ORD00055,2025-10-30,CUST0121,Flipkart,Delhi,New Delhi
ORD00056,2025-01-27,CUST0003,Meesho,Kerala,Kochi
ORD00057,2025-11-29,CUST0125,Amazon,Uttar Pradesh,Kanpur
ORD00058,2025-04-04,CUST0275,Amazon,Rajasthan,Udaipur
ORD00059,2026-03-28,CUST0412,Amazon,Delhi,New Delhi
ORD00060,2026-02-20,CUST0352,Amazon,Rajasthan,Jaipur
ORD00061,2026-07-15,CUST0413,Meesho,Kerala,Thiruvananthapuram
ORD00062,2026-03-29,CUST0389,Amazon,Maharashtra,Pune
ORD00063,2025-08-11,CUST0061,Flipkart,Karnataka,Bengaluru
ORD00064,2026-08-12,CUST0046,Shopsy,Telangana,Hyderabad
ORD00065,2025-09-07,CUST0298,Amazon,Delhi,New Delhi
ORD00066,2025-07-18,CUST0010,Flipkart,Kerala,Kochi
ORD00067,2026-07-05,CUST0127,Flipkart,Kerala,Thiruvananthapuram
ORD00068,2025-08-14,CUST0339,Meesho,Telangana,Warangal
ORD00069,2025-02-16,CUST0472,Flipkart,Maharashtra,Pune
ORD00070,2025-10-13,CUST0470,Flipkart,Telangana,Warangal
ORD00071,2026-04-29,CUST0198,Meesho,West Bengal,Kolkata
ORD00072,2025-04-26,CUST0090,Amazon,Uttar Pradesh,Lucknow
ORD00073,2025-10-09,CUST0440,Flipkart,Rajasthan,Udaipur
ORD00074,2025-03-20,CUST0366,Meesho,Rajasthan,Udaipur
ORD00075,2026-02-22,CUST0050,Amazon,Rajasthan,Udaipur
ORD00076,2025-10-17,CUST0490,Flipkart,Karnataka,Bengaluru
ORD00077,2025-07-20,CUST0160,Flipkart,West Bengal,Kolkata
ORD00078,2025-05-18,CUST0034,Flipkart,Gujarat,Surat
ORD00079,2025-12-10,CUST0167,Amazon,Telangana,Hyderabad
ORD00080,2026-02-12,CUST0364,Shopsy,Karnataka,Mysuru
ORD00081,2026-07-26,CUST0377,Shopsy,Delhi,New Delhi
ORD00082,2025-09-23,CUST0093,Flipkart,Tamil Nadu,Madurai
ORD00083,2025-04-08,CUST0023,Flipkart,Tamil Nadu,Chennai
ORD00084,2026-05-22,CUST0442,Flipkart,West Bengal,Kolkata
ORD00085,2026-01-18,CUST0151,Meesho,Maharashtra,Mumbai
ORD00086,2026-03-02,CUST0471,Amazon,Gujarat,Ahmedabad
ORD00087,2025-03-01,CUST0049,Meesho,Delhi,New Delhi
ORD00088,2025-07-09,CUST0054,Amazon,Karnataka,Bengaluru
ORD00089,2026-04-12,CUST0016,Meesho,Kerala,Kochi
ORD00090,2026-05-22,CUST0449,Amazon,Maharashtra,Mumbai
ORD00091,2025-09-22,CUST0090,Flipkart,Kerala,Thiruvananthapuram
ORD00092,2026-05-05,CUST0356,Meesho,Tamil Nadu,Madurai
ORD00093,2026-05-27,CUST0149,Amazon,Rajasthan,Jaipur
ORD00094,2025-08-24,CUST0165,Meesho,Karnataka,Mangaluru
ORD00095,2026-07-01,CUST0218,Amazon,Gujarat,Surat
ORD00096,2025-06-25,CUST0242,Shopsy,Uttar Pradesh,Lucknow
ORD00097,2025-05-26,CUST0104,Amazon,Gujarat,Surat
ORD00098,2026-02-19,CUST0486,Flipkart,West Bengal,Kolkata
ORD00099,2026-01-23,CUST0094,Shopsy,West Bengal,Kolkata
ORD00100,2025-03-26,CUST0235,Amazon,Rajasthan,Jaipur
ORD00101,2026-05-22,CUST0329,Meesho,Uttar Pradesh,Noida
ORD00102,2025-05-02,CUST0462,Flipkart,Tamil Nadu,Chennai
ORD00103,2026-05-05,CUST0497,Amazon,Karnataka,Mysuru
ORD00104,2025-01-05,CUST0077,Flipkart,West Bengal,Kolkata
ORD00105,2026-04-30,CUST0300,Flipkart,West Bengal,Kolkata
ORD00106,2026-04-24,CUST0292,Meesho,Karnataka,Mangaluru
ORD00107,2026-04-20,CUST0139,Meesho,Tamil Nadu,Madurai
ORD00108,2026-02-09,CUST0198,Meesho,Rajasthan,Jaipur
ORD00109,2025-10-14,CUST0363,Flipkart,Maharashtra,Nagpur
ORD00110,2026-03-05,CUST0221,Amazon,Delhi,New Delhi
ORD00111,2025-06-18,CUST0444,Amazon,Rajasthan,Udaipur
ORD00112,2026-04-20,CUST0376,Shopsy,Maharashtra,Nagpur
ORD00113,2025-12-04,CUST0383,Amazon,Maharashtra,Mumbai
ORD00114,2025-10-07,CUST0371,Shopsy,Tamil Nadu,Madurai
ORD00115,2025-11-04,CUST0292,Shopsy,Gujarat,Surat
ORD00116,2025-12-12,CUST0489,Flipkart,Telangana,Warangal
ORD00117,2025-01-23,CUST0201,Shopsy,Karnataka,Mysuru
ORD00118,2025-03-26,CUST0273,Flipkart,Telangana,Warangal
ORD00119,2025-05-30,CUST0123,Shopsy,Telangana,Warangal
ORD00120,2025-03-11,CUST0382,Flipkart,Rajasthan,Jaipur
ORD00121,2025-09-25,CUST0145,Amazon,West Bengal,Kolkata
ORD00122,2026-02-11,CUST0329,Amazon,Delhi,New Delhi
ORD00123,2026-02-02,CUST0169,Meesho,Karnataka,Bengaluru
ORD00124,2025-10-14,CUST0388,Amazon,Maharashtra,Nagpur
ORD00125,2026-06-04,CUST0097,Amazon,Uttar Pradesh,Lucknow
ORD00126,2025-12-10,CUST0145,Shopsy,West Bengal,Kolkata
ORD00127,2025-02-18,CUST0443,Meesho,Delhi,New Delhi
ORD00128,2026-04-11,CUST0089,Flipkart,Kerala,Thiruvananthapuram
ORD00129,2025-12-16,CUST0012,Shopsy,Rajasthan,Udaipur
ORD00130,2026-01-21,CUST0089,Flipkart,Telangana,Hyderabad
ORD00131,2025-12-10,CUST0162,Flipkart,Telangana,Warangal
ORD00132,2025-12-03,CUST0118,Amazon,Delhi,New Delhi
ORD00133,2025-02-25,CUST0072,Shopsy,Kerala,Kochi
ORD00134,2025-12-06,CUST0001,Flipkart,Karnataka,Bengaluru
ORD00135,2026-04-29,CUST0074,Shopsy,Maharashtra,Mumbai
ORD00136,2025-07-04,CUST0410,Amazon,Gujarat,Ahmedabad
ORD00137,2026-01-02,CUST0129,Meesho,Rajasthan,Udaipur
ORD00138,2025-01-19,CUST0233,Flipkart,Rajasthan,Udaipur
ORD00139,2025-07-31,CUST0376,Amazon,Tamil Nadu,Coimbatore
ORD00140,2025-09-23,CUST0350,Flipkart,Karnataka,Mangaluru
ORD00141,2026-08-21,CUST0478,Shopsy,Maharashtra,Nagpur
ORD00142,2025-05-11,CUST0373,Flipkart,Tamil Nadu,Madurai
ORD00143,2025-06-18,CUST0025,Flipkart,Karnataka,
ORD00144,2025-09-06,CUST0210,Meesho,Tamil Nadu,Chennai
ORD00145,2026-08-27,CUST0193,Amazon,Gujarat,Ahmedabad
ORD00146,2026-06-03,CUST0283,Meesho,Telangana,Hyderabad
ORD00147,2025-01-22,CUST0420,Amazon,West Bengal,Kolkata
ORD00148,2025-05-23,CUST0232,Flipkart,Telangana,Hyderabad
ORD00149,2026-05-15,CUST0208,Amazon,Karnataka,Bengaluru
ORD00150,2025-02-05,CUST0326,Amazon,Gujarat,Ahmedabad
ORD00151,2026-06-05,CUST0210,Flipkart,Telangana,Hyderabad
ORD00152,2025-06-21,CUST0377,Amazon,Karnataka,Mangaluru
ORD00153,2026-07-12,CUST0310,Amazon,Delhi,New Delhi
ORD00154,2025-06-28,CUST0410,Flipkart,Rajasthan,Jaipur
ORD00155,2025-09-22,CUST0201,Amazon,Karnataka,Bengaluru
ORD00156,2026-02-07,CUST0404,Amazon,Gujarat,Surat
ORD00157,2025-03-18,CUST0403,Flipkart,Tamil Nadu,Madurai
ORD00158,2025-12-05,CUST0065,Amazon,Delhi,New Delhi
ORD00159,2025-11-04,CUST0434,Flipkart,Maharashtra,Nagpur
ORD00160,2026-04-22,CUST0402,Shopsy,Kerala,Thiruvananthapuram
ORD00161,2026-08-29,CUST0176,Meesho,Telangana,Hyderabad
ORD00162,2026-02-08,CUST0048,Amazon,Telangana,Warangal
ORD00163,2025-09-06,CUST0267,Meesho,Rajasthan,Udaipur
ORD00164,2025-09-05,CUST0053,Flipkart,Uttar Pradesh,Kanpur
ORD00165,2025-09-12,CUST0462,Flipkart,Telangana,Hyderabad
ORD00166,2026-05-10,CUST0372,Meesho,Karnataka,Mysuru
ORD00167,2025-07-15,CUST0284,Amazon,Delhi,New Delhi
ORD00168,2025-04-12,CUST0283,Amazon,Telangana,Warangal
ORD00169,2025-07-23,CUST0039,Shopsy,Tamil Nadu,Coimbatore
ORD00170,2025-01-14,CUST0195,Amazon,Gujarat,Ahmedabad
ORD00171,2025-03-06,CUST0304,Flipkart,Uttar Pradesh,Kanpur
ORD00172,2025-02-24,CUST0143,Amazon,Kerala,Kochi
ORD00173,2026-04-15,CUST0290,Meesho,Gujarat,Ahmedabad
ORD00174,2026-03-16,CUST0069,Flipkart,Maharashtra,Pune
ORD00175,2026-02-28,CUST0224,Amazon,Uttar Pradesh,Noida
ORD00176,2025-10-08,CUST0173,Amazon,Delhi,New Delhi
ORD00177,2026-03-12,CUST0488,Amazon,Delhi,New Delhi
ORD00178,2025-04-09,CUST0183,Flipkart,Telangana,Hyderabad
ORD00179,2026-07-02,CUST0331,Shopsy,Telangana,Warangal
ORD00180,2025-11-01,CUST0195,Shopsy,Gujarat,Ahmedabad
ORD00181,2026-07-25,CUST0142,Amazon,Rajasthan,Udaipur
ORD00182,2025-04-03,CUST0035,Flipkart,Uttar Pradesh,Lucknow
ORD00183,2025-10-30,CUST0396,Amazon,Maharashtra,Nagpur
ORD00184,2026-02-28,CUST0337,Amazon,Maharashtra,Nagpur
ORD00185,2025-10-29,CUST0462,Amazon,Telangana,Warangal
ORD00186,2025-09-29,CUST0486,Meesho,Kerala,Kochi
ORD00187,2025-04-12,CUST0058,Flipkart,Tamil Nadu,Coimbatore
ORD00188,2025-08-20,CUST0097,Flipkart,Gujarat,Surat
ORD00189,2025-05-26,CUST0192,Amazon,Tamil Nadu,Madurai
ORD00190,2025-07-03,CUST0025,Amazon,Tamil Nadu,Coimbatore
ORD00191,2026-02-20,CUST0313,Amazon,Gujarat,Surat
ORD00192,2026-01-19,CUST0475,Flipkart,West Bengal,Kolkata
ORD00193,2026-01-05,CUST0219,Shopsy,Tamil Nadu,Coimbatore
ORD00194,2025-08-08,CUST0327,Meesho,Telangana,Hyderabad
ORD00195,2026-08-07,CUST0361,Amazon,Tamil Nadu,Madurai
ORD00196,2025-02-23,CUST0016,Flipkart,Gujarat,Ahmedabad
ORD00197,2025-07-28,CUST0461,Flipkart,Delhi,New Delhi
ORD00198,2025-03-13,CUST0360,Amazon,Rajasthan,Udaipur
ORD00199,2025-07-26,CUST0142,Shopsy,Delhi,New Delhi
ORD00200,2026-08-08,CUST0374,Meesho,Kerala,Thiruvananthapuram
ORD00201,2025-08-11,CUST0316,Flipkart,Kerala,Thiruvananthapuram
ORD00202,2026-07-07,CUST0353,Shopsy,West Bengal,Kolkata
ORD00203,2025-10-28,CUST0407,Flipkart,West Bengal,Kolkata
ORD00204,2026-03-02,CUST0299,Amazon,Delhi,New Delhi
ORD00205,2025-10-06,CUST0113,Meesho,West Bengal,Kolkata
ORD00206,2025-06-11,CUST0165,Amazon,Tamil Nadu,Chennai
ORD00207,2026-04-10,CUST0088,Flipkart,Rajasthan,Udaipur
ORD00208,2026-08-13,CUST0354,Amazon,Tamil Nadu,Chennai
ORD00209,2025-06-10,CUST0291,Meesho,Delhi,New Delhi
ORD00210,2026-04-19,CUST0121,Flipkart,Kerala,Kochi
ORD00211,2025-06-08,CUST0360,Flipkart,Delhi,New Delhi
ORD00212,2026-03-12,CUST0183,Amazon,Maharashtra,Mumbai
ORD00213,2026-04-25,CUST0451,Flipkart,Rajasthan,Jaipur
ORD00214,2025-10-01,CUST0315,Flipkart,Karnataka,Mangaluru
ORD00215,2026-03-25,CUST0417,Shopsy,West Bengal,Kolkata
ORD00216,2025-06-15,CUST0246,Flipkart,Gujarat,Ahmedabad
ORD00217,2025-02-18,CUST0495,Meesho,Rajasthan,Udaipur
ORD00218,2025-02-28,CUST0386,Meesho,Maharashtra,Nagpur
ORD00219,2025-09-29,CUST0315,Flipkart,Rajasthan,Jaipur
ORD00220,2026-07-03,CUST0315,Amazon,Tamil Nadu,Chennai
ORD00221,2025-03-19,CUST0490,Meesho,Rajasthan,Jaipur
ORD00222,2025-10-05,CUST0500,Meesho,Rajasthan,Jaipur
ORD00223,2026-03-05,CUST0133,Flipkart,Uttar Pradesh,Noida
ORD00224,2025-05-04,CUST0418,Amazon,Telangana,Warangal
ORD00225,2026-03-15,CUST0449,Amazon,Kerala,Kochi
ORD00226,2025-07-06,CUST0374,Flipkart,Telangana,Hyderabad
ORD00227,2026-05-07,CUST0206,Flipkart,Maharashtra,Pune
ORD00228,2025-12-19,CUST0327,Flipkart,Maharashtra,Nagpur
ORD00229,2025-11-29,CUST0044,Meesho,Karnataka,Bengaluru
ORD00230,2025-04-18,CUST0093,Flipkart,Tamil Nadu,Chennai
ORD00231,2025-10-09,CUST0454,Meesho,Rajasthan,Jaipur
ORD00232,2026-06-05,CUST0257,Shopsy,Tamil Nadu,Chennai
ORD00233,2025-01-12,CUST0424,Flipkart,Delhi,New Delhi
ORD00234,2026-04-07,CUST0320,Meesho,Maharashtra,Nagpur
ORD00235,2025-10-27,CUST0426,Meesho,Uttar Pradesh,Noida
ORD00236,2026-03-14,CUST0434,Amazon,Karnataka,Mangaluru
ORD00237,2026-02-08,CUST0065,Meesho,Rajasthan,Udaipur
ORD00238,2025-09-20,CUST0221,Shopsy,Rajasthan,Udaipur
ORD00239,2025-07-07,CUST0411,Meesho,Rajasthan,Jaipur
ORD00240,2026-01-17,CUST0253,Flipkart,Telangana,Warangal
ORD00241,2025-03-27,CUST0124,Meesho,Uttar Pradesh,Kanpur
ORD00242,2025-12-22,CUST0095,Meesho,Gujarat,Surat
ORD00243,2025-02-27,CUST0459,Shopsy,Rajasthan,Udaipur
ORD00244,2026-01-31,CUST0036,Flipkart,West Bengal,Kolkata
ORD00245,2026-01-18,CUST0306,Flipkart,Gujarat,Surat
ORD00246,2025-02-21,CUST0468,Meesho,Tamil Nadu,Coimbatore
ORD00247,2026-04-06,CUST0282,Flipkart,Rajasthan,Jaipur
ORD00248,2025-09-10,CUST0433,Amazon,Telangana,Warangal
ORD00249,2026-04-24,CUST0434,Meesho,Tamil Nadu,Coimbatore
ORD00250,2025-01-26,CUST0390,Amazon,Delhi,New Delhi
ORD00251,2025-04-20,CUST0356,Flipkart,Delhi,New Delhi
ORD00252,2025-10-28,CUST0239,Flipkart,Gujarat,Ahmedabad
ORD00253,2025-04-25,CUST0445,Meesho,Tamil Nadu,Chennai
ORD00254,2025-07-20,CUST0071,Shopsy,Gujarat,Ahmedabad
ORD00255,2026-02-06,CUST0167,Amazon,Uttar Pradesh,Kanpur
ORD00256,2025-03-29,CUST0061,Amazon,Karnataka,Bengaluru
ORD00257,2026-02-17,CUST0067,Meesho,Karnataka,Bengaluru
ORD00258,2025-03-04,CUST0442,Flipkart,Delhi,New Delhi
ORD00259,2025-04-17,CUST0224,Flipkart,Rajasthan,Jaipur
ORD00260,2025-12-24,CUST0399,Amazon,Maharashtra,Pune
ORD00261,2026-04-28,CUST0422,Amazon,Tamil Nadu,Madurai
ORD00262,2025-04-14,CUST0109,Meesho,Telangana,Warangal
ORD00263,2025-07-02,CUST0143,Flipkart,Tamil Nadu,Chennai
ORD00264,2026-07-17,CUST0347,Meesho,Maharashtra,Mumbai
ORD00265,2026-08-25,CUST0499,Amazon,Karnataka,Mysuru
ORD00266,2025-12-20,CUST0423,Amazon,Kerala,Thiruvananthapuram
ORD00267,2025-09-29,CUST0042,Flipkart,Delhi,New Delhi
ORD00268,2025-07-30,CUST0301,Meesho,Gujarat,Surat
ORD00269,2026-01-08,CUST0241,Shopsy,Gujarat,Surat
ORD00270,2025-12-26,CUST0257,Shopsy,Delhi,New Delhi
ORD00271,2025-06-29,CUST0109,Amazon,Delhi,New Delhi
ORD00272,2025-01-14,CUST0108,Amazon,Gujarat,Surat
ORD00273,2025-04-03,CUST0314,Amazon,Maharashtra,Pune
ORD00274,2026-08-06,CUST0077,Meesho,Delhi,New Delhi
ORD00275,2025-09-12,CUST0247,Meesho,Uttar Pradesh,Noida
ORD00276,2025-10-21,CUST0132,Flipkart,West Bengal,Kolkata
ORD00277,2025-10-12,CUST0201,Meesho,Telangana,Warangal
ORD00278,2026-04-21,CUST0225,Shopsy,Uttar Pradesh,Noida
ORD00279,2025-02-09,CUST0274,Flipkart,West Bengal,Kolkata
ORD00280,2025-02-20,CUST0340,Flipkart,West Bengal,Kolkata
ORD00281,2025-06-17,CUST0095,Meesho,Maharashtra,Pune
ORD00282,2025-10-23,CUST0159,Amazon,Karnataka,Mangaluru
ORD00283,2026-02-13,CUST0033,Amazon,Tamil Nadu,Madurai
ORD00284,2025-10-26,CUST0338,Flipkart,West Bengal,Kolkata
ORD00285,2025-09-26,CUST0402,Shopsy,Delhi,New Delhi
ORD00286,2026-07-25,CUST0452,Flipkart,Maharashtra,Pune
ORD00287,2025-04-08,CUST0480,Flipkart,Maharashtra,Nagpur
ORD00288,2025-12-14,CUST0053,Amazon,Rajasthan,Jaipur
ORD00289,2025-11-26,CUST0272,Flipkart,Telangana,Hyderabad
ORD00290,2025-10-15,CUST0356,Amazon,Kerala,Kochi
ORD00291,2026-05-07,CUST0228,Flipkart,Tamil Nadu,Coimbatore
ORD00292,2025-06-12,CUST0463,Amazon,Kerala,Thiruvananthapuram
ORD00293,2026-08-03,CUST0437,Amazon,Gujarat,Surat
ORD00294,2025-07-21,CUST0276,Amazon,Uttar Pradesh,Lucknow
ORD00295,2025-11-28,CUST0241,Flipkart,West Bengal,Kolkata
ORD00296,2025-11-13,CUST0355,Meesho,Gujarat,Ahmedabad
ORD00297,2026-06-01,CUST0362,Flipkart,Maharashtra,Nagpur
ORD00298,2025-09-24,CUST0185,Amazon,Rajasthan,Jaipur
ORD00299,2025-06-23,CUST0261,Shopsy,Delhi,New Delhi
ORD00300,2025-01-14,CUST0426,Amazon,Telangana,Hyderabad
ORD00301,2025-08-10,CUST0272,Shopsy,Karnataka,Mangaluru
ORD00302,2026-05-18,CUST0338,Amazon,West Bengal,Kolkata
ORD00303,2025-01-07,CUST0071,Meesho,Delhi,New Delhi
ORD00304,2026-06-29,CUST0159,Flipkart,Karnataka,Mangaluru
ORD00305,2025-11-27,CUST0142,Flipkart,Telangana,Warangal
ORD00306,2025-03-27,CUST0272,Amazon,Maharashtra,Nagpur
ORD00307,2025-07-03,CUST0271,Flipkart,Tamil Nadu,Coimbatore
ORD00308,2025-12-03,CUST0165,Flipkart,West Bengal,Kolkata
ORD00309,2025-07-11,CUST0229,Flipkart,Tamil Nadu,Coimbatore
ORD00310,2025-03-08,CUST0317,Amazon,Tamil Nadu,Coimbatore
ORD00311,2026-02-09,CUST0392,Shopsy,Maharashtra,Mumbai
ORD00312,2026-02-13,CUST0452,Meesho,West Bengal,Kolkata
ORD00313,2025-03-14,CUST0492,Shopsy,Gujarat,Surat
ORD00314,2025-06-20,CUST0096,Shopsy,Rajasthan,Jaipur
ORD00315,2025-05-29,CUST0002,Amazon,Maharashtra,Nagpur
ORD00316,2026-02-05,CUST0104,Amazon,Tamil Nadu,Coimbatore
ORD00317,2026-03-21,CUST0023,Flipkart,Uttar Pradesh,Lucknow
ORD00318,2026-03-19,CUST0494,Flipkart,Karnataka,Mangaluru
ORD00319,2026-07-25,CUST0432,Meesho,Maharashtra,Mumbai
ORD00320,2026-04-13,CUST0354,Amazon,Uttar Pradesh,Kanpur
ORD00321,2025-07-14,CUST0196,Amazon,Delhi,New Delhi
ORD00322,2025-03-07,CUST0201,Flipkart,Telangana,Hyderabad
ORD00323,2026-01-09,CUST0234,Flipkart,Delhi,New Delhi
ORD00324,2026-07-11,CUST0107,Shopsy,Gujarat,Ahmedabad
ORD00325,2026-08-16,CUST0248,Amazon,Karnataka,Mysuru
ORD00326,2025-05-20,CUST0304,Meesho,Uttar Pradesh,Lucknow
ORD00327,2025-05-24,CUST0171,Amazon,Uttar Pradesh,Noida
ORD00328,2025-01-23,CUST0089,Flipkart,Gujarat,Surat
ORD00329,2025-03-27,CUST0133,Amazon,Uttar Pradesh,Noida
ORD00330,2025-12-04,CUST0097,Flipkart,Tamil Nadu,Chennai
ORD00331,2025-11-29,CUST0164,Amazon,Telangana,Hyderabad
ORD00332,2025-08-14,CUST0023,Shopsy,Gujarat,Surat
ORD00333,2025-07-08,CUST0383,Meesho,Rajasthan,Jaipur
ORD00334,2026-05-20,CUST0358,Meesho,Delhi,New Delhi
ORD00335,2025-10-07,CUST0498,Meesho,Karnataka,Mangaluru
ORD00336,2026-05-07,CUST0335,Amazon,West Bengal,Kolkata
ORD00337,2026-08-09,CUST0049,Amazon,Kerala,Kochi
ORD00338,2025-07-12,CUST0213,Shopsy,Telangana,Warangal
ORD00339,2025-05-04,CUST0213,Amazon,Kerala,Thiruvananthapuram
ORD00340,2026-08-03,CUST0384,Amazon,Telangana,Warangal
ORD00341,2026-01-21,CUST0483,Meesho,Gujarat,Ahmedabad
ORD00342,2025-06-26,CUST0290,Shopsy,Karnataka,Mangaluru
ORD00343,2026-01-14,CUST0084,Amazon,Telangana,Warangal
ORD00344,2025-11-10,CUST0007,Meesho,Telangana,Warangal
ORD00345,2026-07-05,CUST0190,Meesho,Tamil Nadu,Chennai
ORD00346,2025-06-05,CUST0131,Amazon,Tamil Nadu,Madurai
ORD00347,2026-08-26,CUST0236,Flipkart,Telangana,Warangal
ORD00348,2026-07-24,CUST0158,Flipkart,Rajasthan,Udaipur
ORD00349,2025-04-20,CUST0173,Shopsy,Gujarat,Surat
ORD00350,2025-04-11,CUST0227,Flipkart,West Bengal,Kolkata
ORD00351,2025-11-21,CUST0127,Meesho,Kerala,Thiruvananthapuram
ORD00352,2025-01-28,CUST0223,Meesho,Maharashtra,Pune
ORD00353,2025-07-01,CUST0245,Shopsy,Kerala,Thiruvananthapuram
ORD00354,2025-09-22,CUST0234,Flipkart,Uttar Pradesh,Noida
ORD00355,2026-08-13,CUST0185,Amazon,Delhi,New Delhi
ORD00356,2026-08-27,CUST0123,Flipkart,Telangana,Warangal
ORD00357,2025-04-03,CUST0145,Flipkart,Uttar Pradesh,Kanpur
ORD00358,2026-06-27,CUST0397,Amazon,Uttar Pradesh,Kanpur
ORD00359,2025-02-25,CUST0222,Amazon,Kerala,Kochi
ORD00360,2026-04-01,CUST0362,Shopsy,Gujarat,Ahmedabad
ORD00361,2026-05-30,CUST0023,Shopsy,Gujarat,Surat
ORD00362,2026-06-26,CUST0376,Shopsy,Rajasthan,Jaipur
ORD00363,2025-05-16,CUST0352,Amazon,Telangana,Warangal
ORD00364,2026-06-28,CUST0098,Amazon,Karnataka,Bengaluru
ORD00365,2025-03-12,CUST0020,Meesho,West Bengal,Kolkata
ORD00366,2025-11-12,CUST0106,Meesho,Uttar Pradesh,Kanpur
ORD00367,2025-10-13,CUST0394,Amazon,Kerala,Kochi
ORD00368,2025-07-12,CUST0498,Amazon,Kerala,Thiruvananthapuram
ORD00369,2025-01-14,CUST0177,Amazon,Maharashtra,Nagpur
ORD00370,2026-04-15,CUST0249,Shopsy,Rajasthan,Udaipur
ORD00371,2025-07-24,CUST0494,Amazon,Tamil Nadu,Coimbatore
ORD00372,2026-02-07,CUST0249,Flipkart,Gujarat,Ahmedabad
ORD00373,2025-09-07,CUST0070,Flipkart,Kerala,Kochi
ORD00374,2025-08-16,CUST0185,Flipkart,Kerala,Thiruvananthapuram
ORD00375,2026-06-23,CUST0004,Amazon,Gujarat,Surat
ORD00376,2025-02-27,CUST0045,Amazon,Kerala,Kochi
ORD00377,2026-03-24,CUST0444,Meesho,Delhi,New Delhi
ORD00378,2026-03-31,CUST0287,Amazon,Kerala,Thiruvananthapuram
ORD00379,2025-08-20,CUST0333,Meesho,Kerala,Kochi
ORD00380,2025-06-09,CUST0214,Flipkart,Telangana,Warangal
ORD00381,2025-01-04,CUST0021,Flipkart,Rajasthan,Jaipur
ORD00382,2026-07-24,CUST0226,Amazon,Tamil Nadu,Coimbatore
ORD00383,2026-07-31,CUST0005,Amazon,Maharashtra,Pune
ORD00384,2025-05-27,CUST0023,Meesho,Uttar Pradesh,Lucknow
ORD00385,2025-01-20,CUST0379,Flipkart,Gujarat,Ahmedabad
ORD00386,2025-03-16,CUST0252,Amazon,Uttar Pradesh,Lucknow
ORD00387,2025-02-11,CUST0299,Meesho,West Bengal,Kolkata
ORD00388,2026-05-21,CUST0374,Flipkart,Tamil Nadu,Chennai
ORD00389,2026-06-27,CUST0455,Meesho,Gujarat,Surat
ORD00390,2025-04-04,CUST0069,Flipkart,Telangana,Hyderabad
ORD00391,2026-03-31,CUST0376,Amazon,Rajasthan,Jaipur
ORD00392,2025-04-19,CUST0035,Meesho,Rajasthan,Jaipur
ORD00393,2025-08-12,CUST0162,Meesho,Gujarat,Ahmedabad
ORD00394,2025-12-31,CUST0333,Flipkart,Gujarat,Ahmedabad
ORD00395,2026-03-14,CUST0169,Flipkart,Karnataka,Bengaluru
ORD00396,2026-06-16,CUST0426,Flipkart,Karnataka,Bengaluru
ORD00397,2025-01-28,CUST0321,Meesho,Rajasthan,Jaipur
ORD00398,2025-04-30,CUST0423,Amazon,Rajasthan,Jaipur
ORD00399,2025-06-20,CUST0297,Amazon,Karnataka,Mysuru
ORD00400,2025-07-08,CUST0297,Flipkart,Kerala,Kochi
ORD00401,2026-08-30,CUST0018,Shopsy,Delhi,New Delhi
ORD00402,2026-04-18,CUST0072,Amazon,Karnataka,Mangaluru
ORD00403,2025-07-14,CUST0253,Amazon,Uttar Pradesh,Noida
ORD00404,2026-08-14,CUST0402,Amazon,Rajasthan,Udaipur
ORD00405,2025-10-31,CUST0442,Flipkart,Uttar Pradesh,Kanpur
ORD00406,2025-11-01,CUST0342,Shopsy,Karnataka,Mysuru
ORD00407,2025-09-21,CUST0027,Shopsy,Tamil Nadu,Madurai
ORD00408,2025-03-29,CUST0437,Flipkart,Kerala,Kochi
ORD00409,2026-07-23,CUST0181,Meesho,Rajasthan,Jaipur
ORD00410,2025-01-09,CUST0176,Amazon,Uttar Pradesh,Noida
ORD00411,2025-04-16,CUST0146,Flipkart,Kerala,Kochi
ORD00412,2025-05-20,CUST0309,Flipkart,Tamil Nadu,
ORD00413,2025-06-19,CUST0293,Meesho,Uttar Pradesh,Kanpur
ORD00414,2025-03-22,CUST0255,Flipkart,Karnataka,Mangaluru
ORD00415,2025-01-11,CUST0125,Flipkart,Telangana,Warangal
ORD00416,2026-02-17,CUST0272,Flipkart,Tamil Nadu,Coimbatore
ORD00417,2026-08-13,CUST0143,Meesho,Uttar Pradesh,Lucknow
ORD00418,2025-03-16,CUST0058,Meesho,West Bengal,Kolkata
ORD00419,2025-06-30,CUST0021,Amazon,Telangana,Hyderabad
ORD00420,2025-11-04,CUST0008,Flipkart,Uttar Pradesh,Noida
ORD00421,2026-07-18,CUST0401,Meesho,Maharashtra,Pune
ORD00422,2026-02-27,CUST0177,Amazon,Telangana,Hyderabad
ORD00423,2026-04-11,CUST0101,Amazon,Kerala,Kochi
ORD00424,2025-12-20,CUST0391,Shopsy,Kerala,Thiruvananthapuram
ORD00425,2025-09-11,CUST0045,Flipkart,Uttar Pradesh,Noida
ORD00426,2025-05-02,CUST0246,Meesho,Delhi,New Delhi
ORD00427,2026-06-10,CUST0308,Amazon,Delhi,New Delhi
ORD00428,2026-05-04,CUST0156,Flipkart,Uttar Pradesh,Kanpur
ORD00429,2025-01-16,CUST0431,Meesho,Maharashtra,Pune
ORD00430,2026-03-11,CUST0286,Flipkart,Uttar Pradesh,Kanpur
ORD00431,2025-02-21,CUST0121,Amazon,West Bengal,Kolkata
ORD00432,2026-03-26,CUST0261,Flipkart,West Bengal,Kolkata
ORD00433,2026-05-18,CUST0412,Amazon,Tamil Nadu,Chennai
ORD00434,2025-03-21,CUST0415,Amazon,Tamil Nadu,Madurai
ORD00435,2025-09-21,CUST0118,Flipkart,Karnataka,Mangaluru
ORD00436,2025-03-17,CUST0198,Flipkart,Uttar Pradesh,Lucknow
ORD00437,2025-12-11,CUST0199,Flipkart,West Bengal,Kolkata
ORD00438,2026-07-18,CUST0370,Amazon,Telangana,Warangal
ORD00439,2025-02-19,CUST0249,Flipkart,Delhi,New Delhi
ORD00440,2025-08-30,CUST0392,Flipkart,Tamil Nadu,Coimbatore
ORD00441,2026-08-15,CUST0427,Amazon,Kerala,Thiruvananthapuram
ORD00442,2025-07-02,CUST0370,Amazon,Tamil Nadu,Madurai
ORD00443,2025-03-22,CUST0031,Flipkart,Maharashtra,Nagpur
ORD00444,2025-10-25,CUST0468,Flipkart,Gujarat,Ahmedabad
ORD00445,2025-11-06,CUST0254,Flipkart,Gujarat,Surat
ORD00446,2026-02-08,CUST0414,Amazon,Karnataka,Bengaluru
ORD00447,2025-07-10,CUST0263,Flipkart,Uttar Pradesh,Lucknow
ORD00448,2026-08-05,CUST0215,Flipkart,Tamil Nadu,Coimbatore
ORD00449,2025-11-13,CUST0080,Amazon,Kerala,Thiruvananthapuram
ORD00450,2025-06-24,CUST0099,Amazon,Kerala,Kochi
ORD00451,2026-08-07,CUST0029,Amazon,Delhi,New Delhi
ORD00452,2026-07-17,CUST0423,Amazon,Karnataka,Bengaluru
ORD00453,2025-10-31,CUST0392,Amazon,Telangana,Hyderabad
ORD00454,2025-01-16,CUST0267,Meesho,Uttar Pradesh,Lucknow
ORD00455,2025-12-29,CUST0284,Meesho,Gujarat,Surat
ORD00456,2025-12-04,CUST0158,Amazon,Maharashtra,Pune
ORD00457,2025-04-01,CUST0143,Shopsy,Karnataka,Mangaluru
ORD00458,2026-01-21,CUST0110,Amazon,Tamil Nadu,Madurai
ORD00459,2026-05-27,CUST0130,Amazon,Gujarat,Ahmedabad
ORD00460,2025-03-06,CUST0319,Flipkart,Maharashtra,Mumbai
ORD00461,2026-03-16,CUST0357,Meesho,West Bengal,Kolkata
ORD00462,2025-03-27,CUST0038,Meesho,Kerala,Thiruvananthapuram
ORD00463,2026-04-01,CUST0290,Flipkart,Kerala,Kochi
ORD00464,2025-09-12,CUST0226,Amazon,Delhi,New Delhi
ORD00465,2025-01-04,CUST0366,Amazon,Telangana,Warangal
ORD00466,2026-08-11,CUST0015,Flipkart,Karnataka,Mysuru
ORD00467,2025-04-11,CUST0338,Amazon,Maharashtra,Nagpur
ORD00468,2025-12-29,CUST0370,Flipkart,Uttar Pradesh,Kanpur
ORD00469,2025-04-21,CUST0369,Amazon,Kerala,Thiruvananthapuram
ORD00470,2026-07-22,CUST0248,Meesho,West Bengal,Kolkata
ORD00471,2026-03-25,CUST0023,Meesho,West Bengal,Kolkata
ORD00472,2026-05-05,CUST0380,Amazon,Delhi,New Delhi
ORD00473,2025-09-20,CUST0038,Amazon,Kerala,Kochi
ORD00474,2025-10-12,CUST0206,Meesho,Delhi,New Delhi
ORD00475,2026-01-21,CUST0479,Meesho,Tamil Nadu,Madurai
ORD00476,2026-04-23,CUST0343,Flipkart,Karnataka,Mysuru
ORD00477,2026-05-30,CUST0422,Amazon,Delhi,New Delhi
ORD00478,2025-01-11,CUST0376,Amazon,Tamil Nadu,Madurai
ORD00479,2026-02-08,CUST0060,Amazon,Tamil Nadu,Madurai
ORD00480,2025-03-08,CUST0269,Flipkart,Delhi,New Delhi
ORD00481,2025-06-25,CUST0155,Flipkart,Maharashtra,Mumbai
ORD00482,2026-05-20,CUST0247,Amazon,Telangana,Hyderabad
ORD00483,2025-06-02,CUST0273,Flipkart,Gujarat,Surat
ORD00484,2026-04-30,CUST0219,Flipkart,Gujarat,Ahmedabad
ORD00485,2025-10-09,CUST0204,Amazon,Tamil Nadu,Madurai
ORD00486,2025-05-22,CUST0166,Flipkart,Maharashtra,Nagpur
ORD00487,2025-07-23,CUST0139,Amazon,Tamil Nadu,Madurai
ORD00488,2025-11-19,CUST0338,Amazon,Maharashtra,Mumbai
ORD00489,2026-04-11,CUST0238,Flipkart,West Bengal,Kolkata
ORD00490,2026-01-04,CUST0457,Amazon,Gujarat,Surat
ORD00491,2026-07-22,CUST0356,Amazon,Delhi,New Delhi
ORD00492,2026-06-12,CUST0006,Shopsy,West Bengal,Kolkata
ORD00493,2026-04-04,CUST0270,Amazon,Delhi,New Delhi
ORD00494,2026-01-02,CUST0389,Amazon,Maharashtra,Mumbai
ORD00495,2025-06-26,CUST0169,Amazon,Gujarat,Ahmedabad
ORD00496,2025-09-08,CUST0456,Shopsy,Maharashtra,Nagpur
ORD00497,2025-03-14,CUST0170,Flipkart,Maharashtra,Mumbai
ORD00498,2025-08-16,CUST0128,Amazon,Maharashtra,Pune
ORD00499,2026-07-18,CUST0468,Shopsy,Tamil Nadu,Chennai
ORD00500,2025-09-16,CUST0359,Shopsy,Rajasthan,Jaipur
ORD00501,2025-03-11,CUST0050,Flipkart,Tamil Nadu,Madurai
ORD00502,2026-02-01,CUST0031,Flipkart,Tamil Nadu,Coimbatore
ORD00503,2026-08-09,CUST0275,Flipkart,Telangana,Warangal
ORD00504,2026-06-12,CUST0428,Amazon,West Bengal,Kolkata
ORD00505,2025-06-16,CUST0199,Amazon,Tamil Nadu,Madurai
ORD00506,2025-10-03,CUST0376,Amazon,Karnataka,Mangaluru
ORD00507,2025-11-19,CUST0350,Amazon,Rajasthan,Jaipur
ORD00508,2025-05-31,CUST0197,Meesho,Tamil Nadu,Coimbatore
ORD00509,2025-06-13,CUST0071,Amazon,Delhi,New Delhi
ORD00510,2025-05-24,CUST0127,Amazon,Karnataka,Mysuru
ORD00511,2026-08-28,CUST0309,Amazon,Rajasthan,Udaipur
ORD00512,2026-03-30,CUST0118,Flipkart,West Bengal,Kolkata
ORD00513,2026-05-27,CUST0341,Meesho,Maharashtra,Pune
ORD00514,2026-05-12,CUST0433,Flipkart,Karnataka,Mangaluru
ORD00515,2026-08-07,CUST0253,Amazon,Maharashtra,Mumbai
ORD00516,2025-03-06,CUST0083,Amazon,Kerala,Kochi
ORD00517,2026-06-21,CUST0159,Flipkart,Maharashtra,Nagpur
ORD00518,2025-02-10,CUST0049,Meesho,Karnataka,Mangaluru
ORD00519,2025-10-17,CUST0113,Amazon,Rajasthan,Jaipur
ORD00520,2025-12-28,CUST0270,Meesho,Telangana,Warangal
ORD00521,2025-08-06,CUST0227,Flipkart,Delhi,New Delhi
ORD00522,2025-03-30,CUST0065,Shopsy,Maharashtra,Nagpur
ORD00523,2025-04-27,CUST0310,Flipkart,Tamil Nadu,Chennai
ORD00524,2026-05-17,CUST0028,Amazon,Uttar Pradesh,Kanpur
ORD00525,2025-07-13,CUST0012,Amazon,Rajasthan,Udaipur
ORD00526,2025-07-08,CUST0076,Flipkart,Karnataka,Mysuru
ORD00527,2026-07-16,CUST0326,Amazon,Kerala,Kochi
ORD00528,2025-03-29,CUST0032,Flipkart,Kerala,Kochi
ORD00529,2026-07-11,CUST0313,Amazon,Tamil Nadu,Coimbatore
ORD00530,2026-07-14,CUST0050,Amazon,Uttar Pradesh,Noida
ORD00531,2025-12-30,CUST0422,Amazon,Rajasthan,Udaipur
ORD00532,2025-04-11,CUST0152,Amazon,Telangana,Hyderabad
ORD00533,2025-04-05,CUST0414,Flipkart,Karnataka,Bengaluru
ORD00534,2025-06-23,CUST0430,Amazon,Rajasthan,Jaipur
ORD00535,2025-12-18,CUST0177,Amazon,Gujarat,Ahmedabad
ORD00536,2025-04-04,CUST0036,Amazon,Telangana,Hyderabad
ORD00537,2025-10-05,CUST0028,Amazon,Maharashtra,Nagpur
ORD00538,2025-03-12,CUST0095,Amazon,Karnataka,Bengaluru
ORD00539,2025-11-25,CUST0239,Shopsy,Maharashtra,Nagpur
ORD00540,2025-01-13,CUST0003,Flipkart,Telangana,Warangal
ORD00541,2026-03-08,CUST0496,Amazon,Kerala,Kochi
ORD00542,2025-02-03,CUST0288,Amazon,Maharashtra,Nagpur
ORD00543,2025-04-29,CUST0014,Flipkart,West Bengal,Kolkata
ORD00544,2025-04-17,CUST0129,Flipkart,West Bengal,Kolkata
ORD00545,2026-05-21,CUST0381,Shopsy,Uttar Pradesh,Noida
ORD00546,2025-02-02,CUST0117,Amazon,Kerala,Kochi
ORD00547,2025-09-18,CUST0088,Flipkart,Uttar Pradesh,Lucknow
ORD00548,2025-12-26,CUST0374,Flipkart,Maharashtra,Nagpur
ORD00549,2025-11-10,CUST0017,Meesho,Kerala,Kochi
ORD00550,2026-02-18,CUST0339,Amazon,Kerala,Thiruvananthapuram
ORD00551,2026-05-04,CUST0119,Flipkart,Delhi,New Delhi
ORD00552,2025-08-28,CUST0008,Amazon,Telangana,Hyderabad
ORD00553,2026-05-19,CUST0359,Flipkart,Tamil Nadu,Chennai
ORD00554,2025-07-13,CUST0394,Shopsy,Uttar Pradesh,Noida
ORD00555,2026-08-22,CUST0141,Flipkart,Kerala,Thiruvananthapuram
ORD00556,2025-11-03,CUST0277,Amazon,Uttar Pradesh,Noida
ORD00557,2026-03-24,CUST0283,Amazon,Telangana,Hyderabad
ORD00558,2026-06-17,CUST0008,Amazon,West Bengal,Kolkata
ORD00559,2026-04-27,CUST0490,Amazon,Karnataka,Bengaluru
ORD00560,2026-06-02,CUST0298,Meesho,Uttar Pradesh,Lucknow
ORD00561,2025-11-23,CUST0072,Flipkart,Maharashtra,Pune
ORD00562,2025-01-27,CUST0333,Amazon,West Bengal,Kolkata
ORD00563,2025-10-27,CUST0096,Flipkart,Karnataka,Bengaluru
ORD00564,2025-04-21,CUST0067,Amazon,Delhi,New Delhi
ORD00565,2026-06-25,CUST0361,Flipkart,West Bengal,Kolkata
ORD00566,2025-05-24,CUST0431,Flipkart,Telangana,Warangal
ORD00567,2025-05-19,CUST0224,Amazon,Maharashtra,Nagpur
ORD00568,2025-06-01,CUST0462,Amazon,Karnataka,Mangaluru
ORD00569,2026-01-26,CUST0300,Amazon,Delhi,New Delhi
ORD00570,2025-12-14,CUST0274,Flipkart,Uttar Pradesh,Noida
ORD00571,2026-07-31,CUST0369,Amazon,Karnataka,Bengaluru
ORD00572,2025-09-11,CUST0007,Flipkart,Telangana,Hyderabad
ORD00573,2025-06-21,CUST0047,Flipkart,Tamil Nadu,Madurai
ORD00574,2025-01-30,CUST0014,Amazon,West Bengal,Kolkata
ORD00575,2025-01-05,CUST0263,Shopsy,Telangana,Hyderabad
ORD00576,2025-08-16,CUST0096,Amazon,Rajasthan,Udaipur
ORD00577,2026-07-17,CUST0336,Meesho,Delhi,New Delhi
ORD00578,2025-11-15,CUST0197,Amazon,Rajasthan,Jaipur
ORD00579,2026-06-28,CUST0283,Flipkart,Tamil Nadu,Coimbatore
ORD00580,2025-03-03,CUST0090,Amazon,West Bengal,Kolkata
ORD00581,2025-02-26,CUST0345,Amazon,Kerala,Thiruvananthapuram
ORD00582,2026-05-22,CUST0187,Amazon,Telangana,Warangal
ORD00583,2025-03-06,CUST0007,Meesho,Gujarat,Ahmedabad
ORD00584,2025-02-01,CUST0330,Amazon,Rajasthan,Jaipur
ORD00585,2025-09-03,CUST0462,Flipkart,Delhi,New Delhi
ORD00586,2026-07-17,CUST0072,Flipkart,Uttar Pradesh,Kanpur
ORD00587,2026-02-24,CUST0325,Shopsy,Telangana,Warangal
ORD00588,2025-03-02,CUST0365,Amazon,Kerala,Thiruvananthapuram
ORD00589,2026-05-24,CUST0324,Amazon,Delhi,New Delhi
ORD00590,2026-05-28,CUST0207,Meesho,Karnataka,Mangaluru
ORD00591,2026-05-02,CUST0330,Amazon,Maharashtra,Nagpur
ORD00592,2026-07-03,CUST0117,Flipkart,West Bengal,Kolkata
ORD00593,2025-05-26,CUST0426,Shopsy,Karnataka,Bengaluru
ORD00594,2026-08-19,CUST0173,Flipkart,West Bengal,Kolkata
ORD00595,2025-07-14,CUST0044,Shopsy,West Bengal,Kolkata
ORD00596,2026-05-03,CUST0225,Shopsy,Maharashtra,Pune
ORD00597,2025-12-19,CUST0222,Amazon,Maharashtra,Pune
ORD00598,2026-04-19,CUST0381,Amazon,Gujarat,Surat
ORD00599,2026-01-17,CUST0075,Shopsy,Kerala,Kochi
ORD00600,2026-01-26,CUST0379,Amazon,West Bengal,Kolkata
ORD00601,2026-01-10,CUST0496,Meesho,Karnataka,Bengaluru
ORD00602,2026-04-19,CUST0011,Meesho,Uttar Pradesh,Lucknow
ORD00603,2026-03-26,CUST0004,Amazon,Rajasthan,Jaipur
ORD00604,2025-03-23,CUST0397,Amazon,Telangana,Hyderabad
ORD00605,2026-05-18,CUST0404,Flipkart,Telangana,Warangal
ORD00606,2025-11-22,CUST0222,Meesho,Gujarat,Ahmedabad
ORD00607,2025-07-16,CUST0350,Meesho,Gujarat,Surat
ORD00608,2025-11-09,CUST0105,Flipkart,Rajasthan,Udaipur
ORD00609,2026-08-11,CUST0428,Flipkart,Karnataka,Mangaluru
ORD00610,2026-06-06,CUST0359,Meesho,Kerala,Kochi
ORD00611,2026-05-22,CUST0208,Flipkart,Kerala,Thiruvananthapuram
ORD00612,2025-10-09,CUST0015,Meesho,West Bengal,Kolkata
ORD00613,2026-04-22,CUST0260,Amazon,West Bengal,Kolkata
ORD00614,2025-08-23,CUST0425,Flipkart,Kerala,Thiruvananthapuram
ORD00615,2026-02-22,CUST0305,Flipkart,Kerala,Thiruvananthapuram
ORD00616,2026-01-24,CUST0055,Amazon,West Bengal,Kolkata
ORD00617,2025-06-01,CUST0490,Amazon,Delhi,New Delhi
ORD00618,2025-06-12,CUST0150,Meesho,Karnataka,Bengaluru
ORD00619,2025-02-07,CUST0152,Shopsy,Maharashtra,Mumbai
ORD00620,2025-03-26,CUST0211,Flipkart,Maharashtra,Mumbai
ORD00621,2025-09-21,CUST0230,Meesho,Maharashtra,Mumbai
ORD00622,2025-10-18,CUST0269,Flipkart,Karnataka,Mangaluru
ORD00623,2025-04-11,CUST0147,Amazon,Karnataka,Mangaluru
ORD00624,2025-09-11,CUST0500,Meesho,Tamil Nadu,Chennai
ORD00625,2026-01-03,CUST0300,Amazon,Kerala,
ORD00626,2025-05-22,CUST0129,Meesho,Delhi,New Delhi
ORD00627,2025-07-25,CUST0397,Flipkart,Rajasthan,Udaipur
ORD00628,2025-08-12,CUST0373,Flipkart,Uttar Pradesh,Noida
ORD00629,2025-11-04,CUST0403,Amazon,Telangana,
ORD00630,2025-08-11,CUST0435,Shopsy,Uttar Pradesh,Noida
ORD00631,2026-03-25,CUST0133,Amazon,Delhi,New Delhi
ORD00632,2025-07-19,CUST0387,Shopsy,Uttar Pradesh,Lucknow
ORD00633,2025-09-21,CUST0126,Amazon,Tamil Nadu,Chennai
ORD00634,2025-08-19,CUST0008,Flipkart,Telangana,Hyderabad
ORD00635,2025-04-22,CUST0254,Shopsy,Kerala,Kochi
ORD00636,2026-02-21,CUST0335,Flipkart,Kerala,Kochi
ORD00637,2025-05-24,CUST0377,Amazon,Maharashtra,Mumbai
ORD00638,2025-06-30,CUST0132,Amazon,Gujarat,Surat
ORD00639,2026-04-27,CUST0408,Amazon,Karnataka,Bengaluru
ORD00640,2026-07-31,CUST0176,Flipkart,Rajasthan,Jaipur
ORD00641,2026-02-12,CUST0149,Amazon,Kerala,Thiruvananthapuram
ORD00642,2026-07-12,CUST0209,Shopsy,Maharashtra,Nagpur
ORD00643,2026-06-04,CUST0446,Meesho,Delhi,New Delhi
ORD00644,2025-10-20,CUST0168,Amazon,Delhi,New Delhi
ORD00645,2026-04-14,CUST0423,Flipkart,Maharashtra,Pune
ORD00646,2025-07-19,CUST0440,Amazon,Rajasthan,Udaipur
ORD00647,2025-10-07,CUST0213,Flipkart,Maharashtra,Nagpur
ORD00648,2025-11-22,CUST0175,Shopsy,Karnataka,Mysuru
ORD00649,2026-08-07,CUST0394,Amazon,Tamil Nadu,Coimbatore
ORD00650,2026-05-31,CUST0024,Amazon,Tamil Nadu,Coimbatore
ORD00651,2025-10-25,CUST0123,Flipkart,Kerala,Kochi
ORD00652,2026-02-01,CUST0441,Flipkart,West Bengal,Kolkata
ORD00653,2025-05-04,CUST0378,Meesho,Uttar Pradesh,Noida
ORD00654,2026-05-05,CUST0284,Flipkart,Delhi,New Delhi
ORD00655,2025-12-03,CUST0400,Shopsy,Kerala,Thiruvananthapuram
ORD00656,2025-11-20,CUST0225,Shopsy,Gujarat,Surat
ORD00657,2026-04-11,CUST0128,Meesho,Uttar Pradesh,Lucknow
ORD00658,2026-01-20,CUST0256,Amazon,Kerala,Thiruvananthapuram
ORD00659,2025-02-14,CUST0439,Amazon,Tamil Nadu,Madurai
ORD00660,2025-06-25,CUST0316,Meesho,Rajasthan,Jaipur
ORD00661,2025-04-18,CUST0131,Amazon,Delhi,New Delhi
ORD00662,2026-03-23,CUST0495,Amazon,Maharashtra,Mumbai
ORD00663,2025-01-22,CUST0030,Meesho,Tamil Nadu,Madurai
ORD00664,2025-05-04,CUST0481,Meesho,Uttar Pradesh,Noida
ORD00665,2025-12-30,CUST0353,Amazon,Delhi,New Delhi
ORD00666,2026-02-27,CUST0419,Shopsy,Delhi,New Delhi
ORD00667,2025-11-03,CUST0464,Shopsy,Gujarat,Surat
ORD00668,2026-06-08,CUST0005,Amazon,Karnataka,Bengaluru
ORD00669,2026-07-13,CUST0273,Meesho,Maharashtra,Pune
ORD00670,2025-03-22,CUST0008,Amazon,Tamil Nadu,Chennai
ORD00671,2026-08-03,CUST0011,Amazon,Maharashtra,Mumbai
ORD00672,2026-01-09,CUST0128,Shopsy,West Bengal,Kolkata
ORD00673,2026-01-22,CUST0031,Flipkart,Gujarat,Ahmedabad
ORD00674,2025-02-27,CUST0073,Amazon,Delhi,New Delhi
ORD00675,2026-01-14,CUST0279,Flipkart,West Bengal,Kolkata
ORD00676,2026-03-18,CUST0065,Amazon,Telangana,Warangal
ORD00677,2025-12-20,CUST0313,Flipkart,West Bengal,Kolkata
ORD00678,2025-02-21,CUST0143,Flipkart,Delhi,New Delhi
ORD00679,2025-11-15,CUST0381,Amazon,Rajasthan,Udaipur
ORD00680,2026-07-24,CUST0036,Meesho,West Bengal,Kolkata
ORD00681,2026-03-16,CUST0353,Amazon,Rajasthan,Udaipur
ORD00682,2025-03-25,CUST0469,Amazon,Delhi,New Delhi
ORD00683,2026-08-07,CUST0302,Amazon,Delhi,New Delhi
ORD00684,2026-08-06,CUST0218,Meesho,Delhi,New Delhi
ORD00685,2025-04-13,CUST0005,Meesho,Kerala,Kochi
ORD00686,2026-05-02,CUST0003,Flipkart,Gujarat,Ahmedabad
ORD00687,2025-09-05,CUST0234,Flipkart,West Bengal,Kolkata
ORD00688,2025-12-27,CUST0078,Amazon,Delhi,New Delhi
ORD00689,2025-09-28,CUST0357,Flipkart,Delhi,New Delhi
ORD00690,2026-04-21,CUST0494,Meesho,Karnataka,Mysuru
ORD00691,2026-08-29,CUST0357,Flipkart,Kerala,Thiruvananthapuram
ORD00692,2026-04-29,CUST0201,Amazon,Telangana,Hyderabad
ORD00693,2026-07-21,CUST0053,Flipkart,Rajasthan,Udaipur
ORD00694,2026-07-30,CUST0264,Shopsy,Karnataka,Mangaluru
ORD00695,2025-02-24,CUST0142,Shopsy,Delhi,New Delhi
ORD00696,2025-06-04,CUST0461,Flipkart,Maharashtra,Mumbai
ORD00697,2026-03-15,CUST0434,Flipkart,Tamil Nadu,Madurai
ORD00698,2025-12-25,CUST0281,Flipkart,Tamil Nadu,Chennai
ORD00699,2025-01-31,CUST0266,Flipkart,West Bengal,Kolkata
ORD00700,2025-02-27,CUST0249,Amazon,Karnataka,Mysuru
ORD00701,2025-11-13,CUST0400,Flipkart,West Bengal,Kolkata
ORD00702,2026-01-10,CUST0163,Amazon,Uttar Pradesh,Lucknow
ORD00703,2025-04-12,CUST0046,Shopsy,Tamil Nadu,Madurai
ORD00704,2025-04-15,CUST0035,Flipkart,Rajasthan,Jaipur
ORD00705,2025-03-20,CUST0054,Flipkart,Uttar Pradesh,Kanpur
ORD00706,2025-12-10,CUST0348,Amazon,Maharashtra,Mumbai
ORD00707,2025-01-05,CUST0315,Amazon,Delhi,New Delhi
ORD00708,2025-12-15,CUST0102,Amazon,West Bengal,Kolkata
ORD00709,2025-10-17,CUST0027,Flipkart,Telangana,Hyderabad
ORD00710,2025-10-11,CUST0111,Flipkart,Karnataka,Mysuru
ORD00711,2026-02-17,CUST0490,Flipkart,Uttar Pradesh,Kanpur
ORD00712,2025-11-14,CUST0424,Amazon,Tamil Nadu,Chennai
ORD00713,2026-03-19,CUST0134,Meesho,Maharashtra,Mumbai
ORD00714,2026-04-10,CUST0121,Flipkart,Delhi,New Delhi
ORD00715,2026-07-14,CUST0081,Flipkart,Delhi,New Delhi
ORD00716,2026-05-01,CUST0465,Amazon,Maharashtra,Mumbai
ORD00717,2025-11-11,CUST0126,Flipkart,Gujarat,Surat
ORD00718,2025-10-27,CUST0452,Meesho,Telangana,Hyderabad
ORD00719,2025-05-24,CUST0301,Meesho,West Bengal,Kolkata
ORD00720,2025-12-31,CUST0387,Flipkart,Telangana,Warangal
ORD00721,2025-03-26,CUST0157,Meesho,Telangana,Warangal
ORD00722,2026-07-21,CUST0337,Amazon,Gujarat,Surat
ORD00723,2026-05-29,CUST0221,Meesho,Telangana,Hyderabad
ORD00724,2025-03-14,CUST0156,Amazon,Telangana,Warangal
ORD00725,2026-04-23,CUST0105,Flipkart,Rajasthan,Jaipur
ORD00726,2025-03-13,CUST0141,Meesho,West Bengal,Kolkata
ORD00727,2026-03-15,CUST0324,Flipkart,Delhi,New Delhi
ORD00728,2025-02-23,CUST0079,Flipkart,Gujarat,Ahmedabad
ORD00729,2025-10-24,CUST0365,Amazon,Tamil Nadu,Chennai
ORD00730,2026-02-04,CUST0270,Flipkart,Uttar Pradesh,Lucknow
ORD00731,2026-03-20,CUST0051,Meesho,Maharashtra,Pune
ORD00732,2025-09-12,CUST0075,Flipkart,Tamil Nadu,Chennai
ORD00733,2026-07-15,CUST0330,Flipkart,Tamil Nadu,Coimbatore
ORD00734,2026-04-16,CUST0048,Meesho,Uttar Pradesh,Kanpur
ORD00735,2025-05-07,CUST0260,Amazon,Uttar Pradesh,Noida
ORD00736,2026-02-13,CUST0434,Amazon,Telangana,Warangal
ORD00737,2026-03-21,CUST0275,Shopsy,Delhi,New Delhi
ORD00738,2025-07-22,CUST0077,Flipkart,Uttar Pradesh,Noida
ORD00739,2026-03-25,CUST0366,Flipkart,West Bengal,Kolkata
ORD00740,2026-07-01,CUST0255,Amazon,Gujarat,Ahmedabad
ORD00741,2026-05-12,CUST0355,Meesho,Kerala,Thiruvananthapuram
ORD00742,2026-04-09,CUST0214,Flipkart,Karnataka,Mysuru
ORD00743,2026-01-21,CUST0039,Flipkart,Karnataka,Mangaluru
ORD00744,2025-06-14,CUST0269,Flipkart,Delhi,New Delhi
ORD00745,2026-04-29,CUST0004,Shopsy,Gujarat,Ahmedabad
ORD00746,2025-08-10,CUST0333,Amazon,Delhi,
ORD00747,2025-11-20,CUST0320,Amazon,Telangana,Hyderabad
ORD00748,2025-07-11,CUST0230,Shopsy,West Bengal,Kolkata
ORD00749,2025-07-10,CUST0148,Meesho,Uttar Pradesh,Lucknow
ORD00750,2025-04-06,CUST0467,Shopsy,West Bengal,Kolkata
ORD00751,2026-08-08,CUST0350,Flipkart,Maharashtra,Nagpur
ORD00752,2025-03-31,CUST0053,Amazon,Kerala,Thiruvananthapuram
ORD00753,2025-02-22,CUST0206,Amazon,Delhi,New Delhi
ORD00754,2026-07-24,CUST0260,Amazon,Tamil Nadu,Madurai
ORD00755,2025-12-04,CUST0052,Amazon,Maharashtra,Nagpur
ORD00756,2025-09-24,CUST0308,Meesho,Maharashtra,Mumbai
ORD00757,2026-03-25,CUST0350,Flipkart,Tamil Nadu,Madurai
ORD00758,2025-08-22,CUST0284,Amazon,Maharashtra,Pune
ORD00759,2025-03-19,CUST0488,Meesho,Karnataka,Bengaluru
ORD00760,2026-03-20,CUST0168,Amazon,Karnataka,Mangaluru
ORD00761,2025-04-18,CUST0205,Flipkart,Kerala,Kochi
ORD00762,2025-12-03,CUST0017,Meesho,West Bengal,Kolkata
ORD00763,2026-08-01,CUST0086,Flipkart,Karnataka,Mysuru
ORD00764,2026-07-24,CUST0392,Meesho,West Bengal,Kolkata
ORD00765,2025-08-08,CUST0360,Amazon,Gujarat,Surat
ORD00766,2026-04-20,CUST0098,Meesho,Karnataka,Mangaluru
ORD00767,2026-01-08,CUST0094,Flipkart,Maharashtra,Mumbai
ORD00768,2025-10-19,CUST0016,Flipkart,Karnataka,Mangaluru
ORD00769,2025-03-27,CUST0256,Amazon,Rajasthan,Udaipur
ORD00770,2025-08-17,CUST0278,Meesho,Delhi,
ORD00771,2026-02-01,CUST0351,Meesho,Delhi,New Delhi
ORD00772,2026-08-23,CUST0484,Meesho,Kerala,Kochi
ORD00773,2025-01-03,CUST0021,Amazon,Maharashtra,Pune
ORD00774,2026-03-13,CUST0130,Amazon,Uttar Pradesh,Noida
ORD00775,2026-05-30,CUST0206,Meesho,Rajasthan,Udaipur
ORD00776,2026-08-02,CUST0150,Flipkart,Maharashtra,Pune
ORD00777,2025-09-15,CUST0176,Amazon,Uttar Pradesh,Lucknow
ORD00778,2025-03-14,CUST0173,Shopsy,Gujarat,Ahmedabad
ORD00779,2025-06-14,CUST0400,Amazon,Gujarat,Surat
ORD00780,2026-06-02,CUST0468,Meesho,Delhi,New Delhi
ORD00781,2026-06-18,CUST0413,Flipkart,Telangana,Warangal
ORD00782,2026-01-23,CUST0101,Flipkart,Karnataka,Mangaluru
ORD00783,2025-03-16,CUST0421,Shopsy,Rajasthan,Jaipur
ORD00784,2025-03-16,CUST0036,Amazon,Kerala,Thiruvananthapuram
ORD00785,2025-10-18,CUST0285,Amazon,Maharashtra,Nagpur
ORD00786,2025-12-24,CUST0439,Flipkart,Delhi,New Delhi
ORD00787,2025-01-20,CUST0035,Meesho,Maharashtra,Nagpur
ORD00788,2026-02-22,CUST0350,Amazon,Kerala,Thiruvananthapuram
ORD00789,2025-11-28,CUST0466,Flipkart,Rajasthan,Jaipur
ORD00790,2025-01-08,CUST0238,Flipkart,Maharashtra,Pune
ORD00791,2025-02-28,CUST0440,Amazon,Delhi,New Delhi
ORD00792,2025-10-04,CUST0106,Flipkart,Karnataka,Bengaluru
ORD00793,2026-03-16,CUST0114,Shopsy,Rajasthan,Jaipur
ORD00794,2026-05-17,CUST0109,Amazon,Rajasthan,Jaipur
ORD00795,2025-09-20,CUST0258,Amazon,Gujarat,Surat
ORD00796,2025-06-29,CUST0062,Amazon,Maharashtra,Pune
ORD00797,2026-08-12,CUST0220,Amazon,Telangana,Warangal
ORD00798,2025-10-06,CUST0390,Meesho,Maharashtra,Nagpur
ORD00799,2025-07-11,CUST0276,Flipkart,Rajasthan,Jaipur
ORD00800,2025-09-26,CUST0027,Meesho,West Bengal,Kolkata
ORD00801,2025-01-08,CUST0388,Flipkart,Tamil Nadu,Madurai
ORD00802,2025-07-03,CUST0307,Amazon,Maharashtra,Pune
ORD00803,2025-11-10,CUST0094,Amazon,Telangana,Warangal
ORD00804,2026-07-13,CUST0155,Shopsy,Karnataka,Mangaluru
ORD00805,2026-03-25,CUST0192,Meesho,Karnataka,Mysuru
ORD00806,2026-04-21,CUST0138,Amazon,Telangana,Hyderabad
ORD00807,2025-11-28,CUST0456,Amazon,West Bengal,Kolkata
ORD00808,2025-03-09,CUST0422,Shopsy,Karnataka,Bengaluru
ORD00809,2025-08-26,CUST0336,Amazon,Tamil Nadu,Coimbatore
ORD00810,2026-08-30,CUST0180,Flipkart,Delhi,New Delhi
ORD00811,2025-01-27,CUST0088,Amazon,West Bengal,Kolkata
ORD00812,2026-06-19,CUST0462,Shopsy,Kerala,Kochi
ORD00813,2026-02-21,CUST0057,Flipkart,Karnataka,Bengaluru
ORD00814,2025-06-22,CUST0486,Flipkart,Kerala,Kochi
ORD00815,2026-04-19,CUST0388,Amazon,Tamil Nadu,Chennai
ORD00816,2026-05-24,CUST0373,Shopsy,Kerala,
ORD00817,2025-01-27,CUST0012,Flipkart,Karnataka,Mysuru
ORD00818,2025-03-06,CUST0337,Amazon,Karnataka,Mangaluru
ORD00819,2026-02-09,CUST0230,Amazon,Rajasthan,Jaipur
ORD00820,2026-08-31,CUST0063,Meesho,Kerala,Kochi
ORD00821,2025-01-15,CUST0488,Shopsy,Rajasthan,Udaipur
ORD00822,2026-02-09,CUST0433,Flipkart,Tamil Nadu,Chennai
ORD00823,2025-03-25,CUST0272,Amazon,Uttar Pradesh,Lucknow
ORD00824,2026-01-31,CUST0016,Meesho,Uttar Pradesh,Kanpur
ORD00825,2026-01-14,CUST0276,Meesho,Tamil Nadu,Madurai
ORD00826,2025-02-24,CUST0011,Amazon,Gujarat,Surat
ORD00827,2026-02-18,CUST0025,Amazon,Telangana,Warangal
ORD00828,2026-06-30,CUST0263,Flipkart,Delhi,New Delhi
ORD00829,2026-06-09,CUST0231,Meesho,Tamil Nadu,Chennai
ORD00830,2025-01-18,CUST0342,Amazon,Delhi,New Delhi
ORD00831,2025-05-30,CUST0374,Meesho,Tamil Nadu,Chennai
ORD00832,2025-05-27,CUST0496,Amazon,West Bengal,Kolkata
ORD00833,2025-10-03,CUST0081,Meesho,Kerala,Kochi
ORD00834,2025-03-28,CUST0439,Amazon,Telangana,Hyderabad
ORD00835,2026-06-04,CUST0417,Amazon,Telangana,Warangal
ORD00836,2026-04-18,CUST0339,Meesho,West Bengal,Kolkata
ORD00837,2026-05-07,CUST0457,Meesho,Gujarat,Ahmedabad
ORD00838,2025-05-01,CUST0249,Meesho,Tamil Nadu,Madurai
ORD00839,2025-01-09,CUST0490,Flipkart,Tamil Nadu,Chennai
ORD00840,2026-07-08,CUST0199,Flipkart,Telangana,Hyderabad
ORD00841,2025-06-25,CUST0326,Meesho,Uttar Pradesh,Noida
ORD00842,2026-02-04,CUST0077,Shopsy,Rajasthan,Jaipur
ORD00843,2026-07-07,CUST0239,Amazon,Gujarat,Ahmedabad
ORD00844,2025-01-22,CUST0470,Flipkart,Tamil Nadu,Coimbatore
ORD00845,2025-01-04,CUST0098,Amazon,Telangana,Hyderabad
ORD00846,2025-01-04,CUST0267,Amazon,Delhi,New Delhi
ORD00847,2025-04-06,CUST0034,Flipkart,Uttar Pradesh,Lucknow
ORD00848,2025-02-01,CUST0001,Flipkart,Tamil Nadu,Chennai
ORD00849,2026-05-14,CUST0498,Shopsy,Tamil Nadu,Coimbatore
ORD00850,2026-01-04,CUST0232,Meesho,Telangana,Warangal
ORD00851,2026-08-19,CUST0209,Shopsy,West Bengal,Kolkata
ORD00852,2026-05-03,CUST0288,Amazon,Maharashtra,Nagpur
ORD00853,2026-08-09,CUST0228,Amazon,Uttar Pradesh,Noida
ORD00854,2025-05-26,CUST0470,Meesho,Delhi,New Delhi
ORD00855,2025-06-24,CUST0137,Amazon,West Bengal,Kolkata
ORD00856,2026-06-01,CUST0141,Meesho,Karnataka,Mangaluru
ORD00857,2025-05-29,CUST0359,Shopsy,Rajasthan,Jaipur
ORD00858,2025-02-04,CUST0141,Amazon,Telangana,Hyderabad
ORD00859,2026-02-11,CUST0365,Flipkart,Rajasthan,Udaipur
ORD00860,2026-05-02,CUST0192,Flipkart,Rajasthan,Udaipur
ORD00861,2026-08-12,CUST0388,Shopsy,Gujarat,Surat
ORD00862,2026-07-19,CUST0044,Flipkart,Tamil Nadu,Madurai
ORD00863,2025-03-15,CUST0397,Amazon,Telangana,Hyderabad
ORD00864,2026-04-15,CUST0284,Amazon,Uttar Pradesh,Noida
ORD00865,2026-05-30,CUST0374,Flipkart,Delhi,New Delhi
ORD00866,2026-03-01,CUST0356,Amazon,Rajasthan,Jaipur
ORD00867,2026-05-14,CUST0202,Amazon,Delhi,New Delhi
ORD00868,2026-05-25,CUST0174,Amazon,Rajasthan,Udaipur
ORD00869,2025-09-29,CUST0228,Amazon,Gujarat,Ahmedabad
ORD00870,2025-01-25,CUST0222,Flipkart,Karnataka,Mysuru
ORD00871,2025-10-05,CUST0099,Flipkart,Maharashtra,Nagpur
ORD00872,2025-05-03,CUST0107,Shopsy,Delhi,New Delhi
ORD00873,2025-03-11,CUST0467,Flipkart,Karnataka,Mangaluru
ORD00874,2025-03-17,CUST0330,Flipkart,Tamil Nadu,Coimbatore
ORD00875,2026-03-01,CUST0009,Amazon,Tamil Nadu,Coimbatore
ORD00876,2025-11-03,CUST0235,Flipkart,Rajasthan,
ORD00877,2025-11-25,CUST0327,Amazon,Rajasthan,Udaipur
ORD00878,2026-03-30,CUST0176,Meesho,Maharashtra,Mumbai
ORD00879,2025-11-30,CUST0246,Amazon,Delhi,New Delhi
ORD00880,2026-01-19,CUST0224,Amazon,Tamil Nadu,Chennai
ORD00881,2025-02-22,CUST0079,Flipkart,Gujarat,Surat
ORD00882,2026-06-02,CUST0484,Meesho,Telangana,Hyderabad
ORD00883,2025-09-30,CUST0090,Flipkart,Delhi,New Delhi
ORD00884,2025-04-05,CUST0215,Amazon,Uttar Pradesh,Noida
ORD00885,2026-05-10,CUST0271,Flipkart,Gujarat,Surat
ORD00886,2026-03-23,CUST0333,Meesho,Tamil Nadu,Coimbatore
ORD00887,2025-02-02,CUST0455,Flipkart,Rajasthan,Udaipur
ORD00888,2025-04-28,CUST0089,Meesho,West Bengal,Kolkata
ORD00889,2025-01-10,CUST0410,Amazon,Kerala,Kochi
ORD00890,2025-06-14,CUST0324,Flipkart,Karnataka,Mangaluru
ORD00891,2025-03-02,CUST0296,Amazon,Tamil Nadu,Coimbatore
ORD00892,2026-03-08,CUST0069,Meesho,Delhi,New Delhi
ORD00893,2025-11-14,CUST0403,Amazon,Rajasthan,Jaipur
ORD00894,2026-08-19,CUST0140,Flipkart,Karnataka,Mysuru
ORD00895,2026-04-01,CUST0388,Meesho,Tamil Nadu,Madurai
ORD00896,2026-01-07,CUST0265,Flipkart,West Bengal,Kolkata
ORD00897,2025-11-06,CUST0146,Flipkart,Tamil Nadu,Coimbatore
ORD00898,2025-02-03,CUST0182,Amazon,Telangana,Warangal
ORD00899,2025-02-12,CUST0055,Meesho,Kerala,Thiruvananthapuram
ORD00900,2026-01-10,CUST0340,Amazon,Delhi,New Delhi
ORD00901,2025-01-03,CUST0445,Meesho,Gujarat,Surat
ORD00902,2025-01-26,CUST0495,Meesho,Kerala,Thiruvananthapuram
ORD00903,2025-05-14,CUST0400,Amazon,West Bengal,Kolkata
ORD00904,2026-06-22,CUST0436,Shopsy,Karnataka,Mysuru
ORD00905,2025-10-07,CUST0294,Meesho,Telangana,Warangal
ORD00906,2026-03-08,CUST0096,Flipkart,Gujarat,Surat
ORD00907,2025-09-08,CUST0243,Meesho,West Bengal,Kolkata
ORD00908,2025-04-16,CUST0315,Meesho,Rajasthan,Udaipur
ORD00909,2025-08-14,CUST0391,Amazon,West Bengal,Kolkata
ORD00910,2025-02-25,CUST0200,Amazon,Uttar Pradesh,Noida
ORD00911,2026-04-14,CUST0238,Flipkart,Gujarat,Surat
ORD00912,2025-04-22,CUST0371,Amazon,Tamil Nadu,Chennai
ORD00913,2025-08-17,CUST0181,Meesho,Tamil Nadu,Chennai
ORD00914,2026-08-19,CUST0244,Amazon,Maharashtra,Mumbai
ORD00915,2025-12-26,CUST0186,Amazon,Karnataka,Bengaluru
ORD00916,2025-10-06,CUST0345,Amazon,Kerala,Kochi
ORD00917,2025-11-27,CUST0054,Shopsy,Rajasthan,Udaipur
ORD00918,2026-04-22,CUST0277,Flipkart,Maharashtra,Mumbai
ORD00919,2025-06-04,CUST0172,Amazon,Tamil Nadu,Chennai
ORD00920,2026-01-22,CUST0499,Flipkart,Uttar Pradesh,Lucknow
ORD00921,2026-06-15,CUST0131,Meesho,Telangana,Hyderabad
ORD00922,2025-12-15,CUST0344,Meesho,Delhi,New Delhi
ORD00923,2025-09-29,CUST0266,Amazon,Tamil Nadu,Coimbatore
ORD00924,2025-03-30,CUST0480,Flipkart,Delhi,New Delhi
ORD00925,2025-05-31,CUST0234,Shopsy,Telangana,Warangal
ORD00926,2026-07-30,CUST0366,Amazon,Delhi,New Delhi
ORD00927,2025-11-26,CUST0024,Flipkart,Kerala,Kochi
ORD00928,2025-07-03,CUST0448,Amazon,Maharashtra,Pune
ORD00929,2025-09-12,CUST0278,Amazon,Tamil Nadu,Chennai
ORD00930,2025-12-18,CUST0405,Amazon,Maharashtra,Nagpur
ORD00931,2025-11-23,CUST0211,Flipkart,Tamil Nadu,Madurai
ORD00932,2026-03-02,CUST0490,Flipkart,Karnataka,Mysuru
ORD00933,2025-06-06,CUST0152,Amazon,Maharashtra,Nagpur
ORD00934,2026-01-30,CUST0312,Flipkart,Gujarat,Surat
ORD00935,2025-09-27,CUST0148,Flipkart,Gujarat,Ahmedabad
ORD00936,2026-07-26,CUST0493,Amazon,Gujarat,Surat
ORD00937,2025-04-07,CUST0175,Meesho,Maharashtra,Mumbai
ORD00938,2025-04-01,CUST0207,Meesho,Uttar Pradesh,Lucknow
ORD00939,2025-10-08,CUST0172,Flipkart,Rajasthan,Udaipur
ORD00940,2025-11-06,CUST0345,Meesho,Gujarat,Ahmedabad
ORD00941,2026-02-25,CUST0439,Amazon,Kerala,Kochi
ORD00942,2025-09-03,CUST0145,Flipkart,Maharashtra,Nagpur
ORD00943,2026-07-10,CUST0042,Shopsy,Rajasthan,Udaipur
ORD00944,2025-10-16,CUST0475,Meesho,Maharashtra,Pune
ORD00945,2025-03-20,CUST0312,Amazon,West Bengal,Kolkata
ORD00946,2025-03-14,CUST0277,Amazon,Gujarat,Surat
ORD00947,2026-08-15,CUST0466,Amazon,Gujarat,Surat
ORD00948,2025-03-23,CUST0487,Shopsy,Telangana,Hyderabad
ORD00949,2026-07-31,CUST0422,Flipkart,Tamil Nadu,Coimbatore
ORD00950,2025-06-19,CUST0465,Amazon,Telangana,Warangal
ORD00951,2025-02-26,CUST0242,Shopsy,Kerala,Thiruvananthapuram
ORD00952,2025-07-05,CUST0051,Amazon,Uttar Pradesh,Noida
ORD00953,2026-01-09,CUST0163,Flipkart,Delhi,New Delhi
ORD00954,2025-09-18,CUST0496,Shopsy,Telangana,Warangal
ORD00955,2026-04-23,CUST0149,Flipkart,Telangana,Warangal
ORD00956,2026-01-07,CUST0313,Meesho,Rajasthan,Udaipur
ORD00957,2025-09-01,CUST0253,Flipkart,Karnataka,Bengaluru
ORD00958,2026-01-21,CUST0002,Meesho,Telangana,Warangal
ORD00959,2026-08-14,CUST0012,Flipkart,Kerala,Kochi
ORD00960,2025-09-08,CUST0305,Meesho,Gujarat,Surat
ORD00961,2025-04-04,CUST0135,Flipkart,Maharashtra,Nagpur
ORD00962,2025-09-06,CUST0347,Amazon,Tamil Nadu,Coimbatore
ORD00963,2026-05-26,CUST0321,Amazon,Tamil Nadu,Coimbatore
ORD00964,2025-05-13,CUST0372,Amazon,Telangana,Warangal
ORD00965,2026-08-01,CUST0382,Shopsy,Kerala,Kochi
ORD00966,2025-12-24,CUST0248,Amazon,Telangana,Hyderabad
ORD00967,2026-01-01,CUST0215,Amazon,Kerala,Kochi
ORD00968,2025-07-12,CUST0179,Amazon,Uttar Pradesh,Lucknow
ORD00969,2026-07-14,CUST0103,Shopsy,Uttar Pradesh,Kanpur
ORD00970,2025-01-22,CUST0364,Flipkart,Rajasthan,Udaipur
ORD00971,2025-07-01,CUST0137,Flipkart,Rajasthan,Jaipur
ORD00972,2025-09-12,CUST0494,Amazon,Maharashtra,Mumbai
ORD00973,2025-10-18,CUST0275,Amazon,Karnataka,Mysuru
ORD00974,2025-10-16,CUST0195,Amazon,Karnataka,Mysuru
ORD00975,2025-03-31,CUST0376,Shopsy,Delhi,New Delhi
ORD00976,2025-05-18,CUST0201,Flipkart,West Bengal,Kolkata
ORD00977,2025-02-27,CUST0366,Amazon,Kerala,Kochi
ORD00978,2025-12-15,CUST0237,Flipkart,Maharashtra,Nagpur
ORD00979,2025-08-02,CUST0465,Flipkart,Uttar Pradesh,Kanpur
ORD00980,2025-12-10,CUST0152,Shopsy,Uttar Pradesh,Lucknow
ORD00981,2025-12-25,CUST0057,Meesho,Maharashtra,Nagpur
ORD00982,2026-03-03,CUST0271,Flipkart,Rajasthan,Jaipur
ORD00983,2025-11-29,CUST0121,Amazon,West Bengal,Kolkata
ORD00984,2026-01-29,CUST0007,Flipkart,Telangana,Hyderabad
ORD00985,2025-12-23,CUST0092,Amazon,Tamil Nadu,Madurai
ORD00986,2026-02-01,CUST0174,Flipkart,Tamil Nadu,Madurai
ORD00987,2026-01-10,CUST0382,Flipkart,Karnataka,Mangaluru
ORD00988,2025-07-12,CUST0176,Shopsy,Rajasthan,Udaipur
ORD00989,2025-05-30,CUST0127,Flipkart,Gujarat,Ahmedabad
ORD00990,2026-04-24,CUST0203,Amazon,Tamil Nadu,Chennai
ORD00991,2025-07-28,CUST0135,Meesho,Telangana,Warangal
ORD00992,2025-11-30,CUST0435,Flipkart,Karnataka,Mysuru
ORD00993,2025-04-30,CUST0239,Amazon,West Bengal,Kolkata
ORD00994,2025-09-20,CUST0164,Flipkart,Tamil Nadu,Madurai
ORD00995,2025-11-19,CUST0016,Meesho,Tamil Nadu,Madurai
ORD00996,2026-01-16,CUST0214,Shopsy,Rajasthan,Udaipur
ORD00997,2025-11-17,CUST0412,Shopsy,Gujarat,Ahmedabad
ORD00998,2025-08-08,CUST0149,Meesho,Karnataka,Mysuru
ORD00999,2026-08-08,CUST0101,Meesho,Maharashtra,Mumbai
ORD01000,2025-11-08,CUST0136,Amazon,Uttar Pradesh,Kanpur
